{"_id":{"$oid":"5fb5b646678b9c6de8a06272"},"itemId":{"$numberInt":"9"},"itemName":"Girl's Shirt","itemCategory":"kids","itemDescription":"A cotton printed shirt for girls","itemPrice":{"$numberInt":"449"},"itemImageName":"../../assets/kids1.jpg","itemQuantity":{"$numberInt":"3"}}
{"_id":{"$oid":"5fb5b652678b9c6de8a06273"},"itemId":{"$numberInt":"11"},"itemName":"Frock Dress","itemCategory":"kids","itemDescription":"A maroon frock dress for girls","itemPrice":{"$numberInt":"699"},"itemImageName":"../../assets/kids3.jpg","itemQuantity":{"$numberInt":"2"}}
