{"_id":{"$oid":"5f6b550aa68f460824ee5a36"},"itemId":{"$numberInt":"4"},"itemName":"belt","itemCategory":"men","itemDescription":"leather belt","itemPrice":{"$numberInt":"655"},"itemImageName":"../../assets/men4.jpg"}
{"_id":{"$oid":"5f6b56e9a68f460824ee5a3b"},"itemId":{"$numberInt":"9"},"itemName":"Girl's Shirt","itemCategory":"kids","itemDescription":"A cotton printed shirt for girls","itemPrice":{"$numberInt":"449"},"itemImageName":"../../assets/kids1.jpg"}
{"_id":{"$oid":"5f6b5748a68f460824ee5a3d"},"itemId":{"$numberInt":"11"},"itemName":"Frock Dress","itemCategory":"kids","itemDescription":"A maroon frock dress for girls","itemPrice":{"$numberInt":"699"},"itemImageName":"../../assets/kids3.jpg"}
{"_id":{"$oid":"5f6b570ca68f460824ee5a3c"},"itemId":{"$numberInt":"10"},"itemName":"Boy's Shirt","itemCategory":"kids","itemDescription":"A cotton shirt for boys","itemPrice":{"$numberInt":"399"},"itemImageName":"../../assets/kids2.jpg"}
{"_id":{"$oid":"5f6b57d0a68f460824ee5a3f"},"itemId":{"$numberInt":"13"},"itemName":"Cricket Kit","itemCategory":"sports","itemDescription":"Complete cricket kit by KLAPP","itemPrice":{"$numberInt":"3999"},"itemImageName":"../../assets/sports1.jpg"}
{"_id":{"$oid":"5f6b5802a68f460824ee5a40"},"itemId":{"$numberInt":"14"},"itemName":"Football","itemCategory":"sports","itemDescription":"Football from NIVEA suitable for all weather conditions","itemPrice":{"$numberInt":"799"},"itemImageName":"../../assets/sports2.jpg"}
{"_id":{"$oid":"5f6b5461a68f460824ee5a34"},"itemId":{"$numberInt":"2"},"itemName":"Men's Jeans","itemCategory":"men","itemDescription":"A blue denim jeans.","itemPrice":{"$numberInt":"799"},"itemImageName":"../../assets/men2.jpg"}
{"_id":{"$oid":"5f6b583ca68f460824ee5a41"},"itemId":{"$numberInt":"15"},"itemName":"Yoga matress","itemCategory":"sports","itemDescription":"Soft and durable yoga matress from BRAND VILLA","itemPrice":{"$numberInt":"999"},"itemImageName":"../../assets/sports3.jpg"}
{"_id":{"$oid":"5f6b5882a68f460824ee5a42"},"itemId":{"$numberInt":"16"},"itemName":"Badmintion Racquet","itemCategory":"sports","itemDescription":"Badminton racquet from YONEX","itemPrice":{"$numberInt":"1099"},"itemImageName":"../../assets/sports4.jpg"}
{"_id":{"$oid":"5f6b58c5a68f460824ee5a43"},"itemId":{"$numberInt":"17"},"itemName":"Saree","itemCategory":"women","itemDescription":"Cotton Saree from the poplar brand","itemPrice":{"$numberInt":"849"},"itemImageName":"../../assets/women1.jpg"}
{"_id":{"$oid":"5f6b541ba68f460824ee5a33"},"itemId":{"$numberInt":"1"},"itemName":"Men's Tshirt","itemCategory":"men","itemDescription":"A cotton T-shirt","itemPrice":{"$numberInt":"499"},"itemImageName":"../../assets/men1.jpg"}
{"_id":{"$oid":"5f6b555ba68f460824ee5a37"},"itemId":{"$numberInt":"5"},"itemName":"Sony Headphone","itemCategory":"electronics","itemDescription":"Headphone with great sound and noise cancellation","itemPrice":{"$numberInt":"1099"},"itemImageName":"../../assets/elect1.jfif"}
{"_id":{"$oid":"5f6b5929a68f460824ee5a45"},"itemId":{"$numberInt":"19"},"itemName":"Sandal","itemCategory":"women","itemDescription":"Flat pink coloured sandals","itemPrice":{"$numberInt":"699"},"itemImageName":"../../assets/women3.jpg"}
{"_id":{"$oid":"5f6b54aea68f460824ee5a35"},"itemId":{"$numberInt":"3"},"itemName":"Men's Sneaker","itemCategory":"men","itemDescription":"White sneakers with brown sole","itemPrice":{"$numberInt":"549"},"itemImageName":"../../assets/men3.jpg"}
{"_id":{"$oid":"5f6b5978a68f460824ee5a46"},"itemId":{"$numberInt":"20"},"itemName":"Bag for Women","itemCategory":"women","itemDescription":"Blue coloured leather bag for women","itemPrice":{"$numberInt":"999"},"itemImageName":"../../assets/women4.jpg"}
{"_id":{"$oid":"5f6b5900a68f460824ee5a44"},"itemId":{"$numberInt":"18"},"itemName":"Suit","itemCategory":"women","itemDescription":"Cotton suit in blue and green colour","itemPrice":{"$numberInt":"1249"},"itemImageName":"../../assets/women2.jpg"}
{"_id":{"$oid":"5f6b55e4a68f460824ee5a38"},"itemId":{"$numberInt":"6"},"itemName":"Oppo Smartphone","itemCategory":"electronics","itemDescription":"Smartphone with high processing power and memory which suits you to play games anywhere due to it's long lasting battery backup","itemPrice":{"$numberInt":"8999"},"itemImageName":"../../assets/elect2.jfif"}
{"_id":{"$oid":"5f6b5649a68f460824ee5a39"},"itemId":{"$numberInt":"7"},"itemName":"Television","itemCategory":"electronics","itemDescription":"32-inch TV with great audio and video quality","itemPrice":{"$numberInt":"24999"},"itemImageName":"../../assets/elect3.jfif"}
{"_id":{"$oid":"5fb54c4d678b9c6de8a06270"},"itemId":{"$numberInt":"59"},"itemName":"tee","itemCategory":"men","itemDescription":"cute red tee","itemPrice":{"$numberInt":"455"},"itemImageName":"../../assets/tee.png"}
