{"_id":{"$oid":"5fb1e85608b585517865c744"},"userName":null,"orderList":null,"totalPay":null,"name":"NILAV BHARATKUMAR VAGHASIYA","email":"nilav.vaghasiya@gmail.com","address":"1006 Greek Row Drive, Arbor Oaks apt 137","city":"Arlington","state":"TX","zip":"76013","nameOnCard":null,"creditCardNumber":null,"expiryMonth":null,"expiryYear":null,"cvv":null}
{"_id":{"$oid":"5fb1eae008b585517865c746"},"userName":null,"orderList":null,"totalPay":null,"name":"NILAV BHARATKUMAR VAGHASIYA","email":"nilav.vaghasiya@gmail.com","address":"1006 Greek Row Drive, Arbor Oaks apt 137","city":"Arlington","state":"TX","zip":"76013","nameOnCard":"s","creditCardNumber":"44444444444444444","expiryMonth":"44444","expiryYear":"444444","cvv":"4444"}
{"_id":{"$oid":"5fb40fab77db013b109c2ff8"},"userName":null,"orderList":null,"totalPay":null,"name":"NILAV BHARATKUMAR VAGHASIYA","email":"nilav.vaghasiya@gmail.com","address":"1006 Greek Row Drive, Arbor Oaks apt 137","city":"Arlington","state":"TX","zip":"76013","nameOnCard":"111","creditCardNumber":"111","expiryMonth":"111","expiryYear":"11","cvv":"111"}
{"_id":{"$oid":"5fb4135dd48c9521a8f538dd"},"name":"nilav","email":"itemToBeInserted.email","address":"itemToBeInserted.address","city":"itemToBeInserted.city","state":"itemToBeInserted.state","zip":"itemToBeInserted.zip","nameOnCard":"itemToBeInserted.nameOnCard","creditCardNumber":"itemToBeInserted.creditCardNumber","expiryMonth":"itemToBeInserted.expiryMonth","cvv":"itemToBeInserted.cvv"}
{"_id":{"$oid":"5fb413dbd48c9521a8f538de"},"userName":"geroge","orderList":"toys,blackdress","totalPay":"50","name":"nilav","email":"itemToBeInserted.email","address":"itemToBeInserted.address","city":"itemToBeInserted.city","state":"itemToBeInserted.state","zip":"itemToBeInserted.zip","nameOnCard":"itemToBeInserted.nameOnCard","creditCardNumber":"itemToBeInserted.creditCardNumber","expiryMonth":"itemToBeInserted.expiryMonth","cvv":"itemToBeInserted.cvv"}
{"_id":{"$oid":"5fb5bd03a6dad75340d69ffc"},"name":"Sanil","email":"sanil@hmail.com","address":"7384 Parkridge blvd, Apt 141","city":"Irving","state":"Texas","zip":"75063","nameOnCard":"sanil","creditCardNumber":"5666565666","expiryMonth":"7676","cvv":"767"}
